Time,Membrane Potential,IKr
0.0,-90.0913430059406,-1.38311717595735e-07
0.047719709619643357,-90.09134610522456,-1.3829242738724736e-07
0.12950419004128724,-90.09135141513534,-1.382594053405292e-07
0.3068248185133006,-90.0913629194942,-1.3818798995951382e-07
0.48414544698531403,-90.09137441557112,-1.3811675290875178e-07
1.0313541347611395,-90.09140983978367,-1.3789804345583465e-07
1.5785628225369648,-90.09144519405183,-1.3768081930427094e-07
2.12577151031279,-90.0914804726579,-1.3746520179641935e-07
3.019958854702586,-90.09153795348196,-1.3711640040564259e-07
4.540231393830311,-90.09163520365117,-1.3653334496228943e-07
7.341830030549081,-90.09181285538898,-1.354909070395717e-07
12.174753713662966,-90.09211461347095,-1.337858975849692e-07
17.007677396776852,-90.09241050022199,-1.3219383807743138e-07
20.0,-90.09259081106109,-1.3126128495996989e-07
20.000034488178517,-90.08983177650693,-1.2939360478018073e-07
20.000068976357035,-90.08707275960887,-1.2752593761385238e-07
20.000159099699502,-90.07986307022937,-1.2264547227803445e-07
20.00024922304197,-90.072653487884,-1.1776508661283266e-07
20.000339346384436,-90.06544402140337,-1.1288478659330637e-07
20.000429469726903,-90.0582346736598,-1.0800457415374e-07
20.000625721245832,-90.04253609854051,-9.737778722823114e-08
20.001081559438195,-90.00607482376923,-7.269630234902194e-08
20.001537397630557,-89.96961659985055,-4.801706412412718e-08
20.00199323582292,-89.93316141461621,-2.3340062534687946e-08
20.00244907401528,-89.89670925485262,1.3347131571441046e-09
20.003059050579786,-89.8479357730564,3.434962088444457e-08
20.00366902714429,-89.79916765441166,6.736058722830706e-08
20.004279003708795,-89.75040486514578,1.0036763944112743e-07
20.005205274775488,-89.67636695448253,1.5048259602310148e-07
20.00613154584218,-89.60234114024833,2.0058868325826822e-07
20.007057816908873,-89.5283273084113,2.506859942129851e-07
20.00851838560049,-89.41164441220322,3.2966315240704857e-07
20.009978954292105,-89.29499058528104,4.086190833125837e-07
20.01143952298372,-89.17836538761605,4.875541501753636e-07
20.012900091675338,-89.06176838146604,5.664687160227648e-07
20.015711762624445,-88.83739082952481,7.183269904002234e-07
20.018523433573552,-88.61311305566952,8.701132231408985e-07
20.02133510452266,-88.38893200840162,1.0218299998296514e-06
20.024146775471767,-88.1648446682301,1.1734799049681477e-06
20.026958446420874,-87.94084804841162,1.3250655223056714e-06
20.02977011736998,-87.71693919570735,1.4765894351908703e-06
20.03258178831909,-87.49311519114842,1.6280542269468953e-06
20.035393459268196,-87.26937315082075,1.7794624812641593e-06
20.038205130217303,-87.0457102266573,1.930816782621979e-06
20.04101680116641,-86.82212360721883,2.0821197167537775e-06
20.043828472115518,-86.59861051845223,2.233373871164135e-06
20.046640143064625,-86.3751682244228,2.384581835701077e-06
20.049451814013732,-86.15179402801577,2.5357462031876167e-06
20.05379738229403,-85.80668660499566,2.769298043540823e-06
20.058142950574325,-85.46172588835245,3.002761554244488e-06
20.06248851885462,-85.11690248908687,3.236146376331222e-06
20.066834087134918,-84.7722072567472,3.4694621922120992e-06
20.071179655415214,-84.42763128354191,3.702718735216336e-06
20.07552522369551,-84.08316590718219,3.935925800544764e-06
20.079870791975807,-83.73880271322548,4.1690932572534924e-06
20.08657888542688,-83.20740371181337,4.528970615982151e-06
20.093286978877956,-82.67619996090752,4.888814456730545e-06
20.09999507232903,-82.14516404279343,5.248662605438069e-06
20.106703165780104,-81.6142699741854,5.60855375692888e-06
20.113411259231178,-81.08349319743071,5.9685276499488035e-06
20.11342749453034,-81.08220870534653,5.969399011967806e-06
20.120119352682252,-80.55281056634185,6.328625260165063e-06
20.126827446133326,-80.02220032662838,6.688889012491189e-06
20.1335355395844,-79.49164209013865,7.049363014819637e-06
20.140243633035475,-78.96111680345577,7.410093314221782e-06
20.14695172648655,-78.43060671247257,7.771128175908964e-06
20.153659819937623,-77.9000953237641,8.132518385984152e-06
20.160367913388697,-77.36956736224539,8.494317580158428e-06
20.16707600683977,-76.8390087249731,8.856582600506652e-06
20.173784100290845,-76.30840643253394,9.219373881356492e-06
20.18049219374192,-75.77774857956919,9.582755865463501e-06
20.187200287192994,-75.24702428405294,9.946797453127242e-06
20.197914799673146,-74.39916196254751,1.0529817290393322e-05
20.2086293121533,-73.55106950517988,1.1115040867948665e-05
20.21934382463345,-72.70271666735574,1.1702840578780505e-05
20.230058337113604,-71.85407801891894,1.2293637249929697e-05
20.240772849593757,-71.00513236411565,1.2887907808817824e-05
20.25148736207391,-70.1558621672983,1.3486193902253518e-05
20.262201874554062,-69.30625298089892,1.4089111599370277e-05
20.272916387034215,-68.45629286956552,1.4697362344229142e-05
20.283630899514367,-67.6059718277211,1.531174532517497e-05
20.29434541199452,-66.75528118787147,1.5933171433181264e-05
20.305059924474673,-65.9042130116779,1.6562679009177076e-05
20.315774436954825,-65.05275945045578,1.7201451618192753e-05
20.326488949434978,-64.20091205958731,1.7850838121190963e-05
20.33720346191513,-63.348661049579356,1.8512375345696078e-05
20.347917974395283,-62.49599445169179,1.91878136939454e-05
20.358632486875436,-61.64289716871829,1.9879146076112846e-05
20.36934699935559,-60.789349873992975,2.058864061340933e-05
20.38006151183574,-59.935327714140115,2.131887762038249e-05
20.390776024315894,-59.08079876141424,2.2072791451412526e-05
20.401490536796047,-58.22572214841796,2.2853717888828224e-05
20.4122050492762,-57.370045802084235,2.3665447863677233e-05
20.422919561756352,-56.513703675689385,2.4512288439688487e-05
20.433634074236505,-55.65661235664455,2.5399132164150658e-05
20.444348586716657,-54.798666902697335,2.6331536108057743e-05
20.45506309919681,-53.939735729551096,2.7315812197320496e-05
20.465777611676963,-53.079654339151325,2.835913079697007e-05
20.476492124157115,-52.218217642228176,2.946964001334299e-05
20.487206636637268,-51.35517057569525,3.065660358743234e-05
20.49792114911742,-50.49019669560593,3.1930561514610634e-05
20.5,-50.3221178216956,3.2188803962370395e-05
20.500159551835615,-50.32197797778641,3.219860441226562e-05
20.50031910367123,-50.32183761110396,3.220840550933525e-05
20.500755095279356,-50.32145143536538,3.223519124777849e-05
20.50119108688748,-50.32106176964165,3.226198137930803e-05
20.501627078495606,-50.32066831002027,3.228877625610048e-05
20.50206307010373,-50.320270944835265,3.231557601804638e-05
20.502952100538714,-50.31944835610062,3.237023887181359e-05
20.50460454007873,-50.31787499981187,3.2471896763004323e-05
20.506256979618747,-50.31624330953267,3.257362899922299e-05
20.508738833160738,-50.313681266805816,3.2726567659156346e-05
20.51122068670273,-50.310983270593105,3.287968407623153e-05
20.51370254024472,-50.30814637744363,3.3032984999789535e-05
20.51618439378671,-50.30516762898967,3.3186477335310984e-05
20.522750255794076,-50.296582844947096,3.359352177337522e-05
20.529316117801443,-50.286935219657,3.400208038826648e-05
20.53588197980881,-50.27617472205489,3.441228438781824e-05
20.542447841816177,-50.264252539971125,3.482426878121564e-05
20.549013703823544,-50.25112089600612,3.523817261592384e-05
20.55557956583091,-50.236733029814566,3.565413893540065e-05
20.573395587418204,-50.191009070896534,3.679440840331565e-05
20.58505396494414,-50.1554805109432,3.7550850722827556e-05
20.596712342470077,-50.11524064782913,3.831648605441395e-05
20.608370719996014,-50.07006913922506,3.909226469264056e-05
20.62002909752195,-50.019755008235514,3.987917581946531e-05
20.631687475047887,-49.964095345154334,4.067824815630485e-05
20.643345852573823,-49.90289471299314,4.149055254802094e-05
20.660889669381696,-49.799941485094564,4.274033875834675e-05
20.67843348618957,-49.68339472522733,4.402664437667144e-05
20.69597730299744,-49.552655230013336,4.5353761307528064e-05
20.713521119805314,-49.407133541759045,4.672629758069792e-05
20.731064936613187,-49.246238837960995,4.814922423169675e-05
20.74860875342106,-49.0693678061466,4.962793073232274e-05
20.766152570228932,-48.87589295938275,5.1168291586492604e-05
20.783696387036805,-48.66515012297511,5.2776746292953506e-05
20.801240203844678,-48.43642501837909,5.446039492026481e-05
20.81878402065255,-48.188938845821056,5.622711222609566e-05
20.836327837460423,-47.92183264474645,5.808568429459375e-05
20.853871654268296,-47.634150099378395,6.004597289617254e-05
20.87141547107617,-47.324818372911466,6.211911426455937e-05
20.88895928788404,-46.992626470387826,6.431776092594084e-05
20.900919603063826,-46.75235862093458,6.589592443419361e-05
20.91287991824361,-46.500347326975216,6.754423384227383e-05
20.924840233423396,-46.23606108044078,6.926837173047106e-05
20.93680054860318,-45.958917523847084,7.107462422831946e-05
20.948760863782965,-45.66827724070165,7.296996971062838e-05
20.96072117896275,-45.36343680677265,7.49621831091971e-05
20.972681494142535,-45.04362119766594,7.705995687661461e-05
20.98464180932232,-44.7079753088323,7.927304296556645e-05
20.996602124502104,-44.35555410492902,8.161242246824901e-05
21.00856243968189,-43.98531219131864,8.409050480146956e-05
21.020522754861673,-43.596090705997355,8.672137211789003e-05
21.032483070041458,-43.18660285952907,8.952107201910307e-05
21.044443385221243,-42.7554175576749,9.250797140902272e-05
21.056403700401027,-42.30094053793235,9.57031883603266e-05
21.068364015580812,-41.8213925987259,9.913112246008786e-05
21.07669770105785,-41.47138776715515,0.00010167204152816362
21.085031386534887,-41.1075109318471,0.0001043504919986895
21.093365072011924,-40.72895994753656,0.00010717866725455597
21.10169875748896,-40.33486578590485,0.00011017021627686206
21.110032442966,-39.92428583078895,0.00011334046847914977
21.118366128443036,-39.49619652602982,0.00011670670027269777
21.126699813920073,-39.049485570744594,0.00012028844588204403
21.13503349939711,-38.5829434306591,0.00012410786619759408
21.143367184874148,-38.095254092534354,0.00012819018866828497
21.151700870351185,-37.58498499087692,0.0001325642355083158
21.160034555828222,-37.05057610710678,0.000137263060403718
21.16836824130526,-36.490328281059845,0.00014232471867141444
21.176701926782297,-35.90239080524775,0.00014779320256924777
21.185035612259334,-35.28474842179839,0.00015371958211113747
21.19336929773637,-34.63520792166165,0.00016016340265747936
21.20170298321341,-33.95138465754465,0.00016719440448427345
21.210036668690446,-33.23068942956597,0.00017489464747841266
21.218370354167483,-32.47031639367928,0.00018336114722964332
21.22670403964452,-31.667232887901285,0.00019270915847567114
21.235037725121558,-30.81817238051842,0.0002030762797288326
21.243371410598595,-29.91963262763875,0.00021462759990229153
21.251705096075632,-28.967879201788318,0.00022756216728937138
21.26003878155267,-27.958958476826314,0.00024212114741821322
21.265247534263395,-27.297490149490528,0.0002521730581289286
21.27045628697412,-26.611028189916663,0.000263056675393929
21.275665039684846,-25.89851153117846,0.0002748675978992221
21.28087379239557,-25.15886823966898,0.00028771433433942
21.286082545106296,-24.391024090670495,0.0003017202824235152
21.291291297817022,-23.593913355310722,0.0003170259598200277
21.296500050527747,-22.76649115678928,0.0003337914482628669
21.301708803238473,-21.907747882859343,0.0003521990542400652
21.30523554773816,-21.308037587541122,0.0003656986002726417
21.308762292237848,-20.693247912772133,0.00038011694537787934
21.312289036737535,-20.06311784349536,0.0003955320757935382
21.315815781237223,-19.41740737630592,0.0004120287119866839
21.31934252573691,-18.75590124335933,0.0004296987353351265
21.3228692702366,-18.078412925730692,0.00044864158369408596
21.326396014736286,-17.384788780089167,0.0004689645654614756
21.329922759235973,-16.67491227721596,0.0004907830872224943
21.33344950373566,-15.948708501898682,0.0005142207479039522
21.33697624823535,-15.206148846201517,0.0005394092992045918
21.340502992735036,-14.447255874142169,0.0005664884365026086
21.344029737234724,-13.67210831275692,0.0005956053860209459
21.34755648173441,-12.880846122215308,0.0006269142617786156
21.3510832262341,-12.073675594606025,0.0006605751739116134
21.354609970733787,-11.250874423858749,0.0006967530780262218
21.358136715233474,-10.412796680325824,0.0007356163645869356
21.361663459733162,-9.559877615036365,0.0007773351982682063
21.36519020423285,-8.692638210830728,0.0008220796288987294
21.368716948732537,-7.8116893897808115,0.0008700175068911142
21.37112645695607,-7.202291324718861,0.0009046897700113774
21.373535965179602,-6.587071380760834,0.0009409795164407398
21.375945473403135,-5.966301860623072,0.0009789352669782817
21.378354981626668,-5.340276802546346,0.0010186033866102656
21.3807644898502,-4.709312257196464,0.0010600277175529338
21.383173998073733,-4.073746488113577,0.0011032492162499944
21.385583506297266,-3.4339400264547657,0.0011483056145981801
21.3879930145208,-2.79027557740245,0.0011952311049625015
21.39040252274433,-2.1431577910710655,0.001244056045294761
21.392812030967864,-1.4930128988898383,0.001294806685523315
21.395221539191397,-0.8402882048628304,0.0013475049199214253
21.39763104741493,-0.18545140433231852,0.0014021680713679075
21.399310810309174,0.2720520575955928,0.0014414451787518152
21.40099057320342,0.7301750459841696,0.0014816863088511602
21.402670336097664,1.1887429011727455,0.001522893136831056
21.40533274039533,1.9160402312990472,0.0015901845523111986
21.407995144692997,2.643274897902943,0.0016598986083392541
21.410657548990663,3.3696952936104023,0.0017320235300801025
21.41331995328833,4.094531643642245,0.0018065400466917311
21.415982357585996,4.816999332725869,0.0018834215511438523
21.418644761883662,5.5363022770206465,0.0019626343601529157
21.42130716618133,6.251636536882524,0.0020441380612877314
21.423969570478995,6.962194289436372,0.00212788594029711
21.42663197477666,7.66716806705895,0.0022138254888013843
21.429294379074328,8.365755121021516,0.0023018989898193135
21.431956783371994,9.05716185348887,0.002392044171362639
21.43461918766966,9.7406083150096,0.0024841949142729186
21.437281591967327,10.415332740781324,0.002578282000374361
21.441524708649286,11.470804978983606,0.0027320544884408206
21.445767825331245,12.499412369855728,0.0028902665318587374
21.448271620398337,13.092700207678519,0.0029855866298831414
21.44976717391133,13.441971532072607,0.0030431854394628436
21.45079650005327,13.680074361856791,0.003083107899608369
21.451825826195208,13.916276947771424,0.0031232536312348156
21.452855152337147,14.15054872074798,0.00316361857437516
21.45349442693441,14.295060867078359,0.0031887962606337913
21.45413370153167,14.438809993379175,0.003214056003849099
21.454772976128933,14.58178939631129,0.0032393968631474397
21.455412250726194,14.723992536174775,0.0032648179066869943
21.456051525323456,14.865413038443263,0.0032903182120705924
21.456690799920718,15.006044695276227,0.0033158968667082673
21.45733007451798,15.14588146716682,0.0033415529681351894
21.457969349115242,15.284917484557335,0.0033672856243174673
21.458608623712504,15.423147049275299,0.0033930939539567385
21.459724467582568,15.662475832038485,0.0034383207162770415
21.460922698822763,15.916688719992976,0.003487135347499656
21.46212093006296,16.16798394114965,0.003536202059061236
21.463319161303154,16.41633096996281,0.003585515511947118
21.46451739254335,16.66170148956906,0.0036350705208466868
21.465715623783545,16.90406940478377,0.003684862057525627
21.46691385502374,17.14341085027668,0.0037348852533695353
21.468112086263936,17.37970419468021,0.0037851354012694194
21.470869287502115,17.91175093879436,0.0039016014949689393
21.473626488740294,18.42736824826617,0.004019193470857002
21.476383689978473,18.926426253776228,0.004137863756738541
21.47914089121665,19.40885562278259,0.004257569196554075
21.48189809245483,19.874645799350493,0.004378270876581253
21.48465529369301,20.32384273961022,0.0044999338604099085
21.48741249493119,20.756546189531733,0.004622526874055302
21.490169696169367,21.172906583760085,0.004746021963504215
21.492926897407546,21.57312164368059,0.00487039413365838
21.495684098645725,21.957432737875546,0.004995620975864377
21.498441299883904,22.326121060666477,0.005121682293571812
21.501198501122083,22.67950368661912,0.005248559736367773
21.503955702360262,23.017929561831096,0.005376236451066903
21.50826173529545,23.517445240731703,0.005577196359789891
21.51134945398268,23.85460256729676,0.005722443717397337
21.514437172669915,24.174878402321855,0.005868625469785437
21.517524891357148,24.478899028744532,0.006015722474017238
21.52061261004438,24.767306659784957,0.006163715638587289
21.523700328731614,25.040754530916523,0.006312585619689965
21.526788047418847,25.299901145499266,0.006462312680165405
21.52987576610608,25.54540494835694,0.006612876612912281
21.532963484793314,25.777920135324393,0.006764256661053228
21.536051203480547,25.99809325283667,0.0069164314529475196
21.53913892216778,26.206560076181205,0.007069378989619273
21.543923177825995,26.50789589300086,0.007307836339832845
21.54870743348421,26.784852195192105,0.0075480080381243085
21.553491689142426,27.039555335116646,0.007789805332972226
21.55827594480064,27.274011552761852,0.00803313794317448
21.563060200458857,27.49010067348611,0.00827791485925314
21.567844456117072,27.689572733346726,0.008524045216276917
21.572628711775288,27.87404718212785,0.008771439165943345
21.577412967433503,28.045014719773743,0.009020008643645171
21.58219722309172,28.203841312873138,0.00926966799666293
21.586981478749934,28.351773600328432,0.009520334499379331
21.59176573440815,28.489945095135493,0.009771928778099072
21.596549990066364,28.619382922871168,0.010024375141332769
21.60133424572458,28.741014949811237,0.010277601807049246
21.606118501382795,28.855677095179253,0.010531541034644794
21.61090275704101,28.964120596404054,0.010786129180846973
21.618652130059548,29.12827545654404,0.011199728356951724
21.626401503078085,29.280335548371617,0.011614644685462675
21.634150876096623,29.422362274381054,0.012030673868830135
21.64190024911516,29.5560627546392,0.012447636324567312
21.649649622133698,29.682845271737037,0.012865375330258357
21.657398995152235,29.8038676854812,0.013283754898210844
21.665148368170772,29.920079369935955,0.013702657525653012
21.67289774118931,30.032256985702265,0.014121982038214837
21.680647114207847,30.141034569246862,0.014541641623554646
21.688396487226385,30.24692870315926,0.014961562033220493
21.696145860244922,30.350359546823007,0.015381679924615482
21.70389523326346,30.45166835218778,0.01580194135585571
21.711644606281997,30.551131966022997,0.016222300454809508
21.719393979300534,30.648974773589075,0.016642718259434412
21.72714335231907,30.745378506249473,0.017063161708132782
21.73489272533761,30.840490280798658,0.017483602760483802
21.742642098356146,30.934429175624864,0.01790401763660985
21.750391471374684,31.027291597008166,0.018324386165217584
21.75814084439322,31.119155648325833,0.018744691227737358
21.76589021741176,31.21008468005435,0.019164918285119417
21.773639590430296,31.300130168276283,0.019585054975789894
21.781388963448833,31.389334044681462,0.020005090775389475
21.78913833646737,31.477730580302957,0.02042501670986151
21.796887709485908,31.565347906681694,0.020844825114017574
21.808600795113946,31.696351763435768,0.021479123223773145
21.820313880741985,31.825691305018125,0.022113119404546938
21.832026966370023,31.953416109558713,0.022746798652779898
21.84374005199806,32.07956534346252,0.02338014895778171
21.8554531376261,32.204170455796174,0.024013160805888136
21.867166223254138,32.32725746027909,0.02464582667972401
21.878879308882176,32.44884880867404,0.025278140584425804
21.890592394510215,32.56896458593887,0.025910097731902514
21.902305480138253,32.687623151498464,0.026541694375812965
21.91401856576629,32.80484154515917,0.027172927701848502
21.932434432789528,32.98626421112326,0.028164643326874784
21.950850299812764,33.164226223295586,0.029155451616476084
21.969266166836,33.33878534415227,0.030145351519639468
21.987682033859237,33.509998049006015,0.03113434496875351
22.006097900882473,33.67791978106389,0.03212243660559599
22.02451376790571,33.84260525316056,0.033109633464034664
22.06076946016616,34.15757694915575,0.0350505701365966
22.09702515242661,34.46062460035798,0.036988165093811
22.13328084468706,34.75215122010733,0.038922530020400005
22.16953653694751,35.03255233511265,0.040853794655973545
22.20579222920796,35.30221425813516,0.04278210351754949
22.242047921468412,35.56151459171456,0.04470761181343086
22.278303613728863,35.81082240166855,0.046630481903142215
22.314559305989313,36.05049765938891,0.04855088070886325
22.350814998249763,36.28089027121322,0.05046897794939651
22.387070690510214,36.50233990477084,0.05238494422406117
22.423326382770664,36.7151761973227,0.054298949100557194
22.459582075031115,36.91971893324939,0.05621115949745491
22.495837767291565,37.116277843090934,0.058121738684751165
22.532093459552016,37.3051525111568,0.060030845473331144
22.568349151812466,37.48663245637377,0.06193863346922926
22.604604844072917,37.66099743303539,0.06384525028741549
22.640860536333367,37.828517586482135,0.06575083706925781
22.677116228593817,37.98945360544726,0.06765552815805173
22.713371920854268,38.14405680099955,0.06955945099496334
22.74962761311472,38.292569385324605,0.0714627258982639
22.78588330537517,38.435224675594384,0.0733654660172245
22.82213899763562,38.57224742082285,0.07526777720857242
22.884484556924505,38.795324806181945,0.0785382855339472
22.92219372500648,38.922918954778694,0.08051614225796613
22.959902893088454,39.04525456120212,0.08249389764018318
22.99761206117043,39.1625416632846,0.08447163394781207
23.035321229252403,39.274981787969324,0.08644942610447051
23.073030397334378,39.38276830852186,0.08842734187992114
23.110739565416353,39.486086649107094,0.09040544233301957
23.148448733498327,39.58511464972797,0.09238378200401821
23.1861579015803,39.680022689154654,0.09436240950312143
23.223867069662276,39.77097417197345,0.09634136747660703
23.26157623774425,39.858125501465196,0.09832069345277639
23.299285405826225,39.94162680011361,0.10030041934365819
23.3369945739082,40.02162148730122,0.10228057300926008
23.374703741990174,40.09824754434079,0.10426117665492741
23.41241291007215,40.17163620746708,0.10624225011457086
23.450122078154124,40.24191459417683,0.10822380643101524
23.487831246236098,40.30920225055789,0.11020585954042117
23.525540414318073,40.373617134078,0.11218841268896754
23.563249582400047,40.435266777181525,0.1141714776833983
23.60095875048202,40.49426283010969,0.11615504440927912
23.638667918563996,40.55070765599456,0.11813911014423091
23.67637708664597,40.604692782467865,0.12012368469486467
23.714086254727945,40.65630904744722,0.12210876839370442
23.75179542280992,40.705644042756944,0.12409435814703876
23.789504590891895,40.75279405227509,0.12608041895258734
23.82721375897387,40.797844832036176,0.12806692980785678
23.864922927055844,40.84086773453136,0.13005389530594605
23.902632095137818,40.88193356475796,0.13204131257836269
23.940341263219793,40.92111064911925,0.13402917623886815
23.978050431301767,40.95848288951768,0.13601743114102482
24.0047263461814,40.98387119303517,0.13742416058793852
24.031402261061032,41.00840846814388,0.13883107964022146
24.058078175940665,41.03211372221526,0.14023818963447995
24.084754090820297,41.055010893677505,0.14164547648471493
24.11143000569993,41.07712394600538,0.1430529238644127
24.138105920579562,41.09847338400785,0.14446052310908844
24.164781835459195,41.11907722445096,0.14586827083149165
24.191457750338827,41.138953638419856,0.14727616153749917
24.21813366521846,41.15812176239787,0.14868418523642987
24.244809580098092,41.17660047168501,0.15009233097342456
24.271485494977725,41.19440730721776,0.151500590071848
24.298161409857357,41.21155879459303,0.1529089553160414
24.32483732473699,41.22807128206731,0.15431741850680053
24.351513239616622,41.24396109680012,0.1557259700043268
24.378189154496255,41.259244095964476,0.15713460013428704
24.404865069375887,41.273935421425044,0.15854330001538888
24.451634232048725,41.29830908644328,0.1610132236833877
24.498403394721564,41.32098591430842,0.16348328407148274
24.5451725573944,41.34203839160536,0.16595343288329467
24.59194172006724,41.36153593516666,0.1684236203347759
24.638710882740078,41.37954528243848,0.17089379446441139
24.685480045412916,41.39612990838782,0.17336390370528218
24.732249208085754,41.41134985864007,0.17583389816626863
24.779018370758592,41.42526231715347,0.17830372834435143
24.82578753343143,41.43792206237214,0.1807733440843885
24.898550976833228,41.4552498393758,0.1846150275287994
24.971314420235025,41.46985656827123,0.18845588559157173
25.044077863636822,41.481914935749174,0.19229573404589975
25.11684130703862,41.49158554555829,0.19613439210630113
25.189604750440417,41.499017740767364,0.19997168319766714
25.262368193842214,41.5043506589845,0.20380743441508578
25.33513163724401,41.50771417497876,0.20764147601720742
25.407895080645808,41.50922952798299,0.21147364188062207
25.480658524047605,41.50900983620619,0.2153037701875777
25.553421967449403,41.507160677360325,0.21913170360329057
25.6261854108512,41.50378069873036,0.2229572890755889
25.74194105978079,41.49547420283051,0.22903801383172717
25.857696708710378,41.48386583607139,0.23511184516279252
25.973452357639967,41.46926253627683,0.24117823395216814
26.089208006569557,41.45194087132965,0.24723665881231024
26.204963655499146,41.43215023977636,0.25328662610865993
26.320719304428735,41.410115830664324,0.2593276690057501
26.436474953358324,41.38604126555213,0.26535934621047125
26.552230602287914,41.36011085346407,0.2713812411220332
26.667986251217503,41.33249154516874,0.2773929612010518
26.783741900147092,41.30333468740905,0.28339413717180634
26.89949754907668,41.272777612415894,0.28938442199779485
27.01525319800627,41.24094505291365,0.29536348983976957
27.13100884693586,41.20795038684234,0.3013310351227267
27.24676449586545,41.173896739673374,0.3072867716682345
27.362520144795038,41.138877972679474,0.3132304318161684
27.478275793724627,41.10297957142146,0.31916176553352194
27.594031442654217,41.06627944055408,0.3250805395536407
27.709787091583806,41.02884861283498,0.33098653656907345
27.825542740513395,40.99075188360306,0.3368795544673092
27.941298389442984,40.95204838123948,0.3427594055935877
28.057054038372574,40.91279207988565,0.348625916047235
28.23112706462275,40.85282499937155,0.35742249322182346
28.405200090872928,40.79186799381328,0.3661880467699945
28.579273117123105,40.730051814884,0.37492214070586044
28.75334614337328,40.66749055276437,0.3836243937060881
28.92741916962346,40.60428365666914,0.3922944757193106
29.101492195873636,40.54051774644285,0.4009321042396513
29.275565222123813,40.47626820921571,0.40953704059302587
29.44963824837399,40.41160055650222,0.41810908675225744
29.623711274624167,40.34657157609293,0.4266480826535497
29.797784300874344,40.28123033850782,0.43515390369175705
29.97185732712452,40.21561909189938,0.4436264582492928
30.1459303533747,40.14977405112566,0.4520656853484676
30.320003379624875,40.08372608498946,0.4604715525213576
30.494076405875052,40.017501316507165,0.4688440538697447
30.66814943212523,39.9511216538894,0.47718320823763233
30.842222458375407,39.88460526337437,0.48548905746501464
31.016295484625584,39.81796698923192,0.4937616647385224
31.19036851087576,39.75121872583225,0.5020011130504257
31.453090522107598,39.65028961416077,0.5143740499075641
31.715812533339435,39.54915263210523,0.5266721105801376
31.97853454457127,39.44781990829322,0.538895792988186
32.24125655580311,39.346295219516506,0.5510456637779777
32.50397856703495,39.24457539512584,0.5631223503272302
32.766700578266786,39.142651589760455,0.5751265324461461
33.02942258949862,39.04051039283816,0.5870589344082301
33.29214460073046,38.938134741878464,0.5989203180009406
33.5548666119623,38.83550467965587,0.6107114764040246
33.81758862319413,38.73259801432636,0.622433228384037
34.08031063442597,38.62939090352286,0.6340864126891654
34.34303264565781,38.52585835524548,0.6456718828608984
34.605754656889644,38.42197464614379,0.6571905025813389
34.86847666812148,38.31771367387082,0.6686431414529844
35.13119867935332,38.21304925999356,0.6800306710823993
35.54308295469239,38.04808671572564,0.6977545793354586
35.95496723003146,37.88197078826111,0.7153239197920854
36.366851505370526,37.714607593669854,0.7327419591865207
36.778735780709596,37.5459084172378,0.7500118848980981
37.190620056048665,37.37579045756513,0.767136787036534
37.602504331387735,37.20417744422003,0.7841196418132443
38.014388606726804,37.03100005043642,0.8009632976260784
38.426272882065874,36.85619603534449,0.8176704651746998
38.83815715740494,36.6797102025237,0.8342437106640886
39.25004143274401,36.50149428863676,0.8506854505882079
39.66192570808308,36.32150680760162,0.8669979477971431
40.07380998342215,36.13971282441722,0.8831833093121276
40.48569425876122,35.956083659647305,0.8992434859293487
40.89757853410029,35.77059655811613,0.9151802731087366
41.30946280943936,35.583234350167025,0.9309953126955075
41.72134708477843,35.393985113387146,0.9466900953377855
42.1332313601175,35.202841828924065,0.9622659636651689
42.54511563545657,35.009802024712656,0.9777241163005184
42.95699991079564,34.81486741973103,0.9930656124434268
43.5800349723572,34.51641304914295,1.016052192130292
44.203070033918756,34.21367135921028,1.0387765732134415
44.826105095480315,33.9066929983945,1.061240759907205
45.449140157041874,33.59554257436653,1.083446164149849
46.072175218603434,33.280296628237764,1.1053936502365502
46.69521028016499,32.96104175870855,1.127083580466868
47.31824534172655,32.63787291142368,1.1485158607762749
47.94128040328811,32.310891843397,1.1696899853954148
48.56431546484967,31.98020574638015,1.190605080281466
49.18735052641123,31.645926011807568,1.2112599452703074
49.81038558797279,31.308167121828877,1.2316530948505813
50.43342064953435,30.96704564527819,1.2517827975036888
51.05645571109591,30.622679333554213,1.2716471133432576
51.679490772657466,30.275186327055042,1.2912439296335236
52.302525834219026,29.924684447780162,1.3105709943722574
52.925560895780585,29.57129053212093,1.3296259484626571
53.548595957342144,29.21511983232382,1.348406355849362
54.1716310189037,28.856285545377876,1.3669097305900457
54.79466608046526,28.49489837406387,1.3851335622294354
55.41770114202682,28.131065983384108,1.4030753413906762
56.04073620358838,27.76489256485025,1.4207325822588601
56.66377126514994,27.396478792158703,1.4381028378870158
57.2868063267115,27.025921503101415,1.4551837181262928
57.90984138827306,26.653312891455034,1.471972912869069
58.53287644983462,26.278740408542074,1.488468203358431
59.15591151139618,25.902287901476143,1.5046674553377002
59.60916791741585,25.62728368531667,1.5162651843576413
59.93140539510752,25.431208131940515,1.5244141142841305
60.25364287279918,25.234674721485668,1.5324826871127002
60.47801088457126,25.097566961252685,1.5380530977390539
60.63942024162864,24.998799418482474,1.5420362149820408
60.80082959868602,24.89992201860922,1.5459990385223512
60.91964965616496,24.827064840075924,1.5489032495627906
61.03846971364389,24.754149132630246,1.5517964368117063
61.15728977112283,24.681175206107476,1.5546785906006826
61.27610982860176,24.608143636168503,1.5575496979737855
61.394929886080696,24.535054970782127,1.5604097464446482
61.48198899250537,24.48146701516522,1.5624982707657922
61.56904809893005,24.42784862079561,1.5645808503923362
61.65610720535472,24.374200012966135,1.566657480370056
61.7431663117794,24.32052140509211,1.5687281559284845
61.83022541820407,24.266812863800382,1.5707928741517674
61.91728452462875,24.213074429014977,1.5728516324636534
62.00434363105342,24.159306410231995,1.5749044249854818
62.06681331018495,24.120706829819948,1.5763737368885264
62.12928298931647,24.082092070021147,1.5778399746491194
62.191752668448,24.043462132909525,1.5793031374943336
62.25422234757952,24.004817172277477,1.5807632228056199
62.316692026711046,23.96615733909665,1.5822202280175364
62.37916170584257,23.92748254076576,1.5836741535301044
62.42419869900528,23.899590947468976,1.5847204385286136
62.46923569216799,23.871691661130637,1.5857651211542916
62.5142726853307,23.843784745118818,1.5868082003772284
62.55930967849341,23.815870108627006,1.587849677025268
62.604346671656124,23.787947746729923,1.5888895508898795
62.649383664818835,23.760017759233282,1.5899278205082037
62.694420657981546,23.732080223683756,1.5909644846923658
62.73945765114426,23.70413505430588,1.5919995442092651
62.78449464430697,23.676182220459577,1.5930329991628038
62.82953163746968,23.648221808130838,1.5940648482675652
62.87456863063239,23.620253921109867,1.5950950900350143
62.9196056237951,23.592278494816167,1.5961237249797535
62.96464261695781,23.564295467411988,1.597150753579488
63.00967961012052,23.53630493731146,1.5981761744158833
63.04304441476857,23.51556388399077,1.5989348007002029
63.076409219416625,23.494818705993346,1.5996925444372228
63.10977402406468,23.474069396331995,1.6004494056069365
63.14313882871273,23.453315982096246,1.6012053837891005
63.17650363336078,23.432558487402,1.601960478600084
63.20986843800883,23.41179691695305,1.6027146898851499
63.243233242656885,23.391031267608795,1.6034680175816887
63.27659804730494,23.37026154213844,1.6042204615579752
63.30996285195299,23.349487749880684,1.6049720216059546
63.34332765660104,23.328709900138513,1.6057226975187464
63.40846155061553,23.28813626631625,1.6071855988671095
63.45513418389392,23.259053166585268,1.6082317887023208
63.50180681717231,23.229962167571557,1.6092762471606044
63.5484794504507,23.20086328884395,1.6103189737519947
63.59515208372909,23.171756550953614,1.6113599679775699
63.64182471700748,23.14264197033249,1.6123992293883165
63.71590921304129,23.096411688923013,1.6140453125399516
63.789993709075105,23.050161740663384,1.615687026957931
63.86407820510892,23.003892182254695,1.6173243709791298
63.93816270114273,22.957603072259865,1.618957342930893
64.06245550009076,22.87989929983194,1.6216871821076426
64.1867482990388,22.802140924597445,1.6244047027735393
64.31104109798683,22.724328203243417,1.6271098974835247
64.57636938220271,22.558040372717574,1.63284341249199
64.8416976664186,22.391508216889676,1.638520658316706
65.10702595063448,22.22473380672135,1.644141571778887
65.37235423485036,22.057719019671634,1.6497060934698922
65.63768251906625,21.890465542061744,1.6552141676527061
66.03800906832362,21.63766538857949,1.6634177836825101
66.43833561758099,21.384329492664104,1.6714926161161447
66.83866216683836,21.13046127114023,1.6794385199537987
67.23898871609573,20.876063137376477,1.687255366526255
67.6393152653531,20.6211365221271,1.6949430428903838
68.31109561918207,20.19216201565672,1.7075530691035004
68.98287597301103,19.761696269547766,1.7197987096047782
69.65465632684,19.32972832799605,1.731679694223031
70.32643668066896,18.896239226977887,1.7431958276709383
70.99821703449793,18.46120226418487,1.7543469776241358
71.66999738832689,18.02458336822523,1.7651330646092653
72.34177774215586,17.586341188772387,1.7755540473074618
73.01355809598482,17.14642701058845,1.7856099048374054
73.68533844981378,16.704784653918733,1.7953006187784546
74.35711880364275,16.261350406416433,1.8046261558796342
75.02889915747171,15.816052952844254,1.8135864510348456
75.41761809470147,15.557504386007668,1.8186043753535108
75.80633703193122,15.298289161751477,1.8234999389280087
76.02190596049677,15.154244425745226,1.8261620764852518
76.23747488906231,15.0099862664804,1.8287865627416007
76.45304381762786,14.865511544465393,1.8313733883835446
76.58870841974965,14.774476392412202,1.8329820495612557
76.72437302187144,14.683353397505444,1.8345757879016753
76.86003762399324,14.592141755527383,1.8361546003145512
76.99570222611503,14.500840665552962,1.8377184834740867
77.13136682823682,14.409449334171724,1.8392674338062711
77.26703143035861,14.317966979613049,1.8408014474789742
77.3572381903857,14.25708732966816,1.841813181419668
77.44744495041279,14.196166871291625,1.8428183084295426
77.53765171043987,14.135205379889939,1.8438168272106479
77.62785847046696,14.074202628530259,1.8448087364320265
77.71806523049405,14.01315838582911,1.8457940347355035
77.80827199052113,13.95207241391789,1.8467727207404148
77.89847875054822,13.890944466756563,1.8477447930464863
77.98868551057531,13.829774289027608,1.848710250234367
78.0788922706024,13.768561615693093,1.849669090863828
78.24024866594993,13.65896122750145,1.8513676995607333
78.35218778542651,13.58284597107697,1.8525336446022675
78.46412690490308,13.506663491934981,1.8536893915718808
78.58873105037821,13.421781789636983,1.8549639043025283
78.71333519585335,13.336815236107835,1.8562257724903133
78.83793934132848,13.251762983649765,1.8574749915139868
78.96254348680361,13.166624167740194,1.8587115565487922
79.08714763227874,13.081397908287695,1.8599354625560856
79.21175177775388,12.996083310635294,1.8611467042742171
79.4218915355368,12.852001108155747,1.863160709700415
79.63203129331973,12.707660623976885,1.8651386524583164
79.84217105110265,12.563057305428456,1.8670805026488229
80.05231080888558,12.418186490095687,1.8689862282865741
80.2624505666685,12.273043402756711,1.8708557952219926
80.47259032445143,12.12762315329849,1.872689167059375
80.68273008223436,11.981920734573963,1.874486305073333
81.07670602107959,11.70797537061109,1.8777578382715403
81.47068195992482,11.432985078905102,1.880901568675615
81.75960948019019,11.230631985325264,1.8831256461635286
82.04853700045557,11.027682211823013,1.8852806713559824
82.33746452072094,10.82412019253931,1.887366492143315
82.62639204098632,10.619929811777487,1.889382945159033
82.91531956125169,10.415094377431341,1.891329855213144
83.35747049961198,10.100342549925957,1.894174173184183
83.79962143797226,9.783974450213828,1.8968544550966953
84.24177237633255,9.465921388691962,1.8993698911002599
84.68392331469283,9.146110611109107,1.9017195876608728
85.12607425305312,8.824464964000153,1.9039025606696869
85.5682251914134,8.500902545767305,1.9059177279405537
86.01037612977369,8.175336331920818,1.9077639010211294
86.45252706813397,7.847673768421251,1.9094397762388675
86.89467800649426,7.51781633268313,1.9109439249152713
87.62705262340626,6.966330117665116,1.913053321724349
88.35942724031825,6.408010868830908,1.9146791870201243
88.90270462221447,5.989095173768767,1.915567447962288
89.44598200411069,5.565843448092425,1.9161802509697505
89.9892593860069,5.137974179215708,1.9165128042131807
90.53253676790312,4.70518258112971,1.9165597806462826
91.07581414979934,4.267138998482081,1.9163152660117657
91.61909153169556,3.823487076688074,1.9157727014519104
92.16236891359178,3.3738421243684753,1.914924823890721
92.705646295488,2.9177899263947515,1.9137636068566959
93.24892367738421,2.454886041173543,1.9122802030287287
93.79220105928043,1.984655601978946,1.9104648899186363
94.33547844117665,1.5065938121793296,1.9083070219230822
94.87875582307286,1.0201674843621813,1.9057949940908046
95.42203320496908,0.5248179628647637,1.902916223924502
95.79295934356531,0.18119172522426372,1.9007331224419737
96.16388548216155,-0.1670525801773861,1.8983681972386586
96.53481162075778,-0.5201052317868141,1.895816692682658
96.90573775935401,-0.8781568207531404,1.893073677915085
97.27666389795024,-1.2413963858748949,1.8901340694770197
97.64759003654648,-1.6100091711530098,1.8869926614773413
98.01851617514271,-1.9841740892057855,1.8836441631526863
98.38944231373894,-2.3640609100367147,1.8800832442131195
98.76036845233517,-2.7498271444112543,1.8763045888896503
99.1312945909314,-3.1416146215978427,1.8723029592883895
99.50222072952764,-3.5395458236031296,1.8680732678863725
99.87314686812387,-3.943720069939146,1.8636106584479368
100.2440730067201,-4.3542096508047,1.8589105943449797
100.61499914531633,-4.771056016977732,1.8539689528648446
100.98592528391256,-5.194266159168666,1.8487821234747093
101.3568514225088,-5.623809330860096,1.8433471073745846
101.72777756110503,-6.059614277922296,1.837661615144656
102.09870369970126,-6.501567136132018,1.8317241589070807
102.4696298382975,-6.949510140345736,1.825534135268306
102.84055597689373,-7.4032412579896105,1.8190918954132544
103.21148211548996,-7.86251483348712,1.8123987988571224
103.58240825408619,-8.327043265109392,1.8054572481949442
103.84882948479917,-8.663756513897134,1.8003199914805657
104.11525071551215,-9.002880211832391,1.7950579374307531
104.38167194622513,-9.344273173588144,1.7896729749933993
104.6480931769381,-9.68778649508222,1.7841672587464312
104.91451440765108,-10.033264598226271,1.7785431973100887
105.18093563836406,-10.380546365110046,1.772803438676156
105.44735686907704,-10.729466292389,1.7669508534821734
105.71377809979002,-11.07985564854403,1.7609885165341888
105.91014878502907,-11.338957560748486,1.7565255032827807
106.10651947026811,-11.59869623779855,1.7520059946215258
106.30289015550716,-11.859002904034176,1.7474313957888736
106.4992608407462,-12.119809004295318,1.74280314993766
106.69563152598525,-12.381046432312571,1.738122733065894
106.8920022112243,-12.64264774968511,1.7333916489064924
107.08837289646334,-12.904546394586047,1.7286114238190566
107.28474358170239,-13.166676881398294,1.7237836016831456
107.48111426694143,-13.4289749777591,1.7189097390341366
107.62452954383649,-13.620608703461619,1.7153220225521308
107.76794482073154,-13.812274347750204,1.711711193983108
107.9113600976266,-14.003948441056208,1.7080778640053278
108.05477537452165,-14.195608016752034,1.704422642372663
108.19819065141671,-14.387230634567597,1.7007461370596033
108.34160592831176,-14.578794402050729,1.6970489534349313
108.48502120520682,-14.770277994083736,1.6933316934670737
108.62843648210188,-14.961660669197402,1.689594954984809
108.77185175899693,-15.152922283339402,1.685839330983633
108.91526703589199,-15.344043302953816,1.6820654089469234
109.05868231278704,-15.535004816460642,1.6782737701990476
109.2020975896821,-15.725788541229166,1.6744649893432266
109.34551286657715,-15.916376826823363,1.670639633773052
109.48892814347221,-16.10675265994282,1.66679826316338
109.63234342036726,-16.296899667943993,1.6629414289955102
109.77575869726232,-16.48680211915823,1.6590696741495055
109.91917397415737,-16.67644491853357,1.655183532591797
110.06258925105243,-16.865813603773756,1.6512835290672072
110.20600452794748,-17.054894341631673,1.647370178801334
110.34941980484254,-17.24367392179371,1.6434439872596058
110.4928350817376,-17.432139747891306,1.6395054499724426
110.63625035863265,-17.620279827403756,1.6355550523954936
110.7796656355277,-17.808082761358417,1.6315932697886857
110.92308091242276,-17.995537733297176,1.627620567123661
111.06649618931782,-18.18263449651838,1.6236373990378072
111.20991146621287,-18.369363359881156,1.6196442098300479
111.35332674310793,-18.555715173144364,1.615641433480624
111.49674202000298,-18.74168131209297,1.6116294936900237
111.64015729689804,-18.92725366300573,1.6076088039449923
111.7835725737931,-19.112424606288908,1.6035797676147434
111.92698785068815,-19.29718699963931,1.599542778070456
112.0704031275832,-19.48153416107763,1.5954982188214135
112.21381840447826,-19.665459851843277,1.5914464636675223
112.35723368137332,-19.848958259060037,1.5873878768694905
112.50064895826837,-20.03202397827474,1.5833228133343564
112.64406423516343,-20.214651996061466,1.5792516188122832
112.87506567255073,-20.50788216768056,1.572682034351875
113.10606710993804,-20.79994737798518,1.566098774529526
113.33706854732534,-21.090832374710956,1.5595031431311064
113.56806998471265,-21.380523949274412,1.5528963900357355
113.79907142209996,-21.669010768621796,1.546279713709843
114.03007285948726,-21.956283213325676,1.5396542637242152
114.26107429687457,-22.242333225171095,1.5330211432193153
114.49207573426187,-22.527154166275526,1.5263814112681415
114.72307717164918,-22.810740689047734,1.5197360851357211
115.08000888190108,-23.246487587529806,1.5094593236703986
115.43694059215298,-23.679267101989183,1.4991749618941888
115.79387230240488,-24.10907387356474,1.4888862340632578
116.15080401265678,-24.535907035672306,1.4785961907610707
116.50773572290868,-24.959769645212315,1.4683077110971157
116.86466743316058,-25.380668219321112,1.4580235132130528
117.22159914341248,-25.798612366831826,1.4477461632040542
117.57853085366438,-26.21361450978299,1.4374780824671922
117.93546256391627,-26.625689683052318,1.4272215536332113
118.29239427416817,-27.03485539416221,1.4169787253697386
118.64932598442007,-27.44113152709301,1.4067516163336815
119.00625769467197,-27.84454027961254,1.3965421184587816
119.36318940492387,-28.245106126926615,1.3863519997078242
119.72012111517577,-28.64285580351597,1.3761829064416384
120.07705282542767,-29.037818293747968,1.3660363655878347
120.43398453567957,-29.430024824523972,1.355913786744489
120.79091624593147,-29.819508857676944,1.345816464267667
121.14784795618337,-30.206306080019978,1.3357455793888071
121.50477966643527,-30.590454380229023,1.3257022025864358
121.86171137668717,-30.971993833776644,1.3156872957814851
122.21864308693907,-31.35096665068397,1.3057017152854486
122.57557479719097,-31.727417129238365,1.295746214622607
122.93250650744287,-32.101391601326135,1.2858214475207206
123.28943821769477,-32.47293834950755,1.2759279714803529
123.64636992794667,-32.84210752043059,1.2660662514186916
124.00330163819856,-33.20895103297902,1.2562366634203839
124.36023334845046,-33.573522468456865,1.2464394988544623
124.61187463314788,-33.82921409029815,1.2395519810231868
124.86351591784529,-34.08382350852404,1.2326807364901695
125.1151572025427,-34.33737079153549,1.2258257984052756
125.36679848724012,-34.5898763071,1.218987182832184
125.61843977193753,-34.841360696063205,1.2121648896060764
125.87008105663494,-35.09184484454227,1.2053589032206358
126.12172234133236,-35.34134985544838,1.1985691937260627
126.37336362602977,-35.58989701936843,1.1917957176370888
126.62500491072718,-35.83750778444852,1.1850384188582381
126.8766461954246,-36.08420372539203,1.1782972296237215
127.12828748012201,-36.330006511943864,1.1715720714438467
127.37992876481943,-36.57493787693372,1.164862856055942
127.63157004951684,-36.81901958376063,1.1581694863818426
127.88321133421425,-37.06227339340463,1.1514918574898212
128.13485261891168,-37.30472103122124,1.1448298575553324
128.6192035551962,-37.769186825791316,1.132050611093315
129.10355449148074,-38.23089931570371,1.1193279381391932
129.58790542776526,-38.69000942469177,1.1066609077423775
130.0722563640498,-39.14666493414667,1.0940485693491364
130.55660730033432,-39.601009648409224,1.0814899759537973
131.04095823661885,-40.053182609576176,1.0689842057930747
131.52530917290338,-40.50331736618049,1.0565303824815617
132.0096601091879,-40.95154130363606,1.0441276934325598
132.49401104547243,-41.39797505534208,1.0317754061771542
132.97836198175696,-41.8427320123079,1.0194728822128847
133.4627129180415,-42.28591793798553,1.007219588251558
133.94706385432602,-42.72763069119073,0.9950151048266088
134.43141479061055,-43.16796006601761,0.9828591321064788
134.91576572689507,-43.60698775762393,0.9707514927663647
135.4001166631796,-44.04478745175643,0.958692131998895
135.88446759946413,-44.48142503000499,0.9466811148680326
136.36881853574866,-44.91695888959652,0.9347186210770669
136.71084936835433,-45.22388016012263,0.9263005306569626
137.05288020096,-45.53029287853774,0.9179069086834082
137.39491103356568,-45.83621163005043,0.9095379077383915
137.73694186617135,-46.14164959057468,0.9011937004914506
138.07897269877702,-46.44661865223496,0.8928744772758223
138.4210035313827,-46.75112955798847,0.8845804434781069
138.76303436398837,-47.05519203502295,0.8763118169536002
139.10506519659404,-47.358814928420514,0.8680688254405884
139.4470960291997,-47.662006341593155,0.8598517038467667
139.78912686180539,-47.96477378074763,0.8516606914656638
140.13115769441106,-48.26712429381214,0.8434960293156666
140.47318852701673,-48.56906460311256,0.8353579576172533
140.71953610250577,-48.78628654475909,0.8295131207691091
140.9658836779948,-49.00330149842586,0.8236822876382942
141.21223125348385,-49.22011189291542,0.8178655428585753
141.4585788289729,-49.43672018951668,0.8120629686039815
141.70492640446193,-49.65312890556697,0.8062746441579991
141.95127397995097,-49.86934063800764,0.8005006454859389
142.19762155544,-50.0853580840886,0.7947410448664188
142.44396913092905,-50.301184059568556,0.7889959105748241
142.6903167064181,-50.51682151784009,0.7832653065515178
142.93666428190713,-50.73227357029411,0.77754929204896
143.18301185739617,-50.94754350386939,0.7718479213368298
143.4293594328852,-51.16263479431425,0.7661612434933299
143.67570700837425,-51.377551119469686,0.7604893021985653
143.9220545838633,-51.59229637543726,0.7548321354747521
144.16840215935233,-51.80687469143746,0.7491897754547854
144.41474973484137,-52.02129043894395,0.7435622482639996
144.6610973103304,-52.2355482387682,0.7379495739434311
144.90744488581944,-52.449652972213336,0.7323517662967642
145.15379246130848,-52.66360979373137,0.7267688327109905
145.40014003679752,-52.87742413734492,0.721200774099173
145.64648761228656,-53.09110171756748,0.7156475849500545
145.8928351877756,-53.304648536559405,0.7101092532596274
146.13918276326464,-53.51807089156984,0.7045857604592157
146.38553033875368,-53.731375379143934,0.6990770814069868
146.63187791424272,-53.944568896606086,0.6935831844325648
146.87822548973176,-54.15765864338607,0.6881040313855932
147.1245730652208,-54.37065212303717,0.6826395776721416
147.37092064070984,-54.58355714475703,0.677189772301513
147.61726821619888,-54.79638182350374,0.6717545579604204
147.86361579168792,-55.009134579175004,0.6663338711054232
148.25869837171734,-55.35021093100162,0.6576705410863654
148.65378095174677,-55.69116243975812,0.6490440756208339
149.0488635317762,-56.03202868938714,0.6404541164965049
149.44394611180562,-56.37285121142022,0.6319002682807132
149.83902869183504,-56.71367344599271,0.6233820998785184
150.23411127186446,-57.054540695469186,0.6148991462222726
150.6291938518939,-57.39550007364625,0.6064509100344743
151.0242764319233,-57.73660045056774,0.5980368636609082
151.41935901195274,-58.07789239100181,0.589656451007253
151.81444159198216,-58.41942808624756,0.5813090895818182
152.20952417201158,-58.76126128095583,0.5729941726102246
152.87189357683525,-59.33517624280566,0.5591249866387518
153.5342629816589,-59.9103520098852,0.5453421347589145
154.19663238648258,-60.487067177950266,0.5316424076046092
154.85900179130624,-61.065608771656855,0.5180225034389643
155.5213711961299,-61.64627070117965,0.5044790638745337
156.18374060095357,-62.229352018575575,0.4910087121707117
156.84611000577723,-62.81515493615836,0.477608094600745
157.5084794106009,-63.40398254838457,0.46427392571442505
158.17084881542456,-63.996136190550466,0.4510030384064407
158.83321822024823,-64.59191236888887,0.4377924396140638
159.4955876250719,-65.19159919224079,0.4246393724847357
160.15795702989556,-65.79547222098729,0.41154138603753715
160.82032643471922,-66.40378963602379,0.39849641348119075
161.48269583954288,-67.0167866256634,0.3855028603397458
162.14506524436655,-67.63466888786013,0.3725597034457085
162.8074346491902,-68.25760514584971,0.3596666017470041
163.46980405401388,-68.88571858022068,0.3468240196902181
164.13217345883754,-69.51907709519911,0.3340333636001436
164.7945428636612,-70.15768233390602,0.32129713143078636
165.45691226848487,-70.80145759502733,0.3086190723627991
166.11928167330854,-71.4502343492739,0.29600436004655195
166.7816510781322,-72.10373788111582,0.2834597699399882
167.44402048295586,-72.76157219490723,0.2709938576855193
168.10638988777953,-73.42320439711537,0.25861713446657786
168.7687592926032,-74.08794930129632,0.24634222716280466
169.43112869742686,-74.75495503405728,0.23418401132027508
170.09349810225052,-75.42319058297038,0.22215970319214512
170.75586750707419,-76.09143643900748,0.21028889479178187
171.2181435330621,-76.55707440215859,0.20210665370974187
171.55916998065175,-76.89983364821207,0.19612997864586593
171.9001964282414,-77.24170155578125,0.1902076021769407
172.24122287583106,-77.58243448764357,0.18434308137914546
172.5822493234207,-77.92177654273654,0.17854009518729777
172.82100647052113,-78.15838389045736,0.17451599246724092
173.05976361762154,-78.39408384613104,0.1705252295135796
173.29852076472196,-78.62877925406703,0.16656914894813535
173.53727791182237,-78.86237082058194,0.1626491077559869
173.7760350589228,-79.0947573533087,0.158766473273243
174.0147922060232,-79.32583601667965,0.15492261899877693
174.25354935312362,-79.55550259989346,0.1511189202895028
174.49230650022403,-79.78365180351696,0.14735674985399833
174.73106364732445,-80.01017755252678,0.14363747293701706
174.96982079442486,-80.23497331731649,0.13996244247036804
175.1376552139277,-80.39190058563737,0.13740628314677933
175.26094300161424,-80.5065765190006,0.13554319594822062
175.38423078930077,-80.62072814908159,0.13369268916568017
175.5075185769873,-80.73434090017108,0.13185493995448042
175.63080636467384,-80.84740025674118,0.13003012325697627
175.75409415236038,-80.95989178013981,0.12821841156896563
175.88888097457456,-81.08220870534655,0.126252917519552
175.9503678196627,-81.13777086885634,0.12536163085424842
176.146641486965,-81.31411716311301,0.12253916395171179
176.3429151542673,-81.488874132749,0.11975166138396295
176.5391888215696,-81.66198618970017,0.1169997519283523
176.73546248887192,-81.8333988347194,0.11428404070067884
176.93173615617422,-82.00305879555367,0.11160510739212103
177.12800982347653,-82.17091416488648,0.10896350454007891
177.32428349077884,-82.3369145246468,0.10635975602117988
177.52055715808115,-82.50101107531204,0.1037943555019023
177.71683082538345,-82.66315676246812,0.10126776495632882
177.91310449268576,-82.82330639220916,0.09878041336777597
178.10937815998807,-82.98141674031962,0.09633269554275327
178.30565182729038,-83.13744665638083,0.0939249710198241
178.50192549459268,-83.29135716134829,0.09155756309219379
178.80906973926955,-83.52786816490338,0.08793443849308205
179.1162139839464,-83.75897078582464,0.0844116421775404
179.42335822862327,-83.9845504817705,0.08098985472292103
179.73050247330013,-84.20450787842901,0.07766952285565672
180.037646717977,-84.41875915608207,0.07445085852716916
180.34479096265386,-84.62723622998224,0.07133384091887447
180.65193520733072,-84.82988679673043,0.06831822031787538
180.9590794520076,-85.0266742755713,0.06540352342028531
181.26622369668445,-85.2175776156236,0.06258906040702178
181.5733679413613,-85.40259096720585,0.059873933763110704
181.88051218603817,-85.58172324081971,0.05725704847361221
182.18765643071504,-85.75499756162563,0.054737123447256515
182.4948006753919,-85.92245063848998,0.0523127038745169
182.80194492006876,-86.08413205656362,0.04998217436840171
183.10908916474563,-86.24010347398554,0.04774377311084666
183.4162334094225,-86.3904377924631,0.045595606060417515
183.72337765409935,-86.5352182914287,0.043535661343898906
184.03052189877621,-86.67453773076737,0.04156182375314716
184.33766614345308,-86.80849743129035,0.03967188921751887
184.64481038812994,-86.93720635527217,0.037863578958387586
184.9519546328068,-87.06078019238564,0.03613455325837838
185.25909887748367,-87.17934046836918,0.03448242462833691
185.56624312216053,-87.29301366523632,0.03290477052298991
185.8733873668374,-87.40193039325409,0.03139914510492307
186.07545929781196,-87.47105793821163,0.030446679885567204
186.21351669253437,-87.51715595896496,0.029812901160896122
186.35157408725678,-87.56235057504499,0.029192628218662586
186.4896314819792,-87.60665432380763,0.028585638244424838
186.6276888767016,-87.65007980676403,0.02799170889346433
186.765746271424,-87.69263967235392,0.02741061851183795
186.90380366614642,-87.73434660455486,0.02684214628247873
187.04186106086883,-87.77521330729657,0.026286072421542288
187.17991845559123,-87.81525249730494,0.025742178268234994
187.31797585031364,-87.85447689734877,0.02521024636855193
187.45603324503605,-87.89289922043503,0.024690060669462086
187.59409063975846,-87.93053215992997,0.02418140663793959
187.73214803448087,-87.96738838316514,0.023684071335759112
187.87020542920328,-88.00348052539601,0.02319784348899166
188.0082628239257,-88.03882117742147,0.02272251363408114
188.1463202186481,-88.0734228742397,0.02225787424949475
188.2843776133705,-88.10729809235099,0.021803719780399654
188.42243500809292,-88.14045924310003,0.021359846711053114
188.56049240281533,-88.17291866349969,0.02092605366677922
188.69854979753774,-88.20468860734998,0.020502141511058006
188.83660719226015,-88.23578124267411,0.020087913364966486
188.97466458698256,-88.26620864899756,0.01968317462811115
189.11272198170496,-88.29598280627921,0.019287733099712073
189.25077937642737,-88.32511558984125,0.018901399026014485
189.38883677114978,-88.35361877069232,0.018523985082255036
189.5268941658722,-88.38150400812687,0.01815530644716582
189.6649515605946,-88.40878284096837,0.01779518089267197
189.803008955317,-88.43546668855844,0.017443428756078832
189.94106635003942,-88.46156685131128,0.01709987291755254
190.07912374476183,-88.48709450020219,0.01676433890924132
190.1748967496075,-88.50447299613558,0.01653619461870006
190.2706697544532,-88.52158493809614,0.016311771427343753
190.36644275929888,-88.53843394521301,0.016091013319317945
190.46221576414456,-88.55502360215175,0.015873864932617925
190.55798876899024,-88.57135746335086,0.01566027150596013
190.65376177383592,-88.58743905212695,0.015450178886585711
190.7495347786816,-88.60327185794543,0.015243533559596512
190.8453077835273,-88.61885933919653,0.01504028261225804
190.94108078837297,-88.6342049228876,0.014840373734799387
191.03685379321865,-88.6493120012451,0.014643755257457662
191.13262679806434,-88.66418393133101,0.014450376151879624
191.22839980291002,-88.67882403644526,0.014260186011584386
191.3241728077557,-88.69323560886563,0.014073135016919406
191.41994581260138,-88.70742190854084,0.013889173947519456
191.51571881744707,-88.72138615909711,0.013708254225978697
191.61149182229275,-88.73513154925521,0.013530327898151971
191.70726482713843,-88.74866123649814,0.013355347587413998
191.8273696924524,-88.7653281527248,0.013140004457129328
191.94747455776638,-88.78166682460821,0.012929130133342338
192.06757942308036,-88.79768325524158,0.01272263517091316
192.18768428839434,-88.81338336120221,0.012520431627587134
192.52528042633963,-88.85586915516734,0.01197431995215559
192.86287656428493,-88.89602688856012,0.011459583930181668
193.20047270223023,-88.93397794450121,0.010974446013818506
193.53806884017553,-88.96983817538951,0.010517219655498714
193.87566497812082,-89.00371791616995,0.010086307487380302
194.21326111606612,-89.03572251349412,0.00968019372663882
194.55085725401142,-89.06595264247959,0.009297439129438836
194.88845339195672,-89.09450438470569,0.008936678709878873
195.4296432448448,-89.1370006312584,0.008401031808916297
195.9708330977329,-89.17577094777154,0.00791365256062165
196.512022950621,-89.21114097954235,0.0074700170453077
197.0532128035091,-89.24341028224347,0.0070660005155945655
197.5944026563972,-89.27285404337779,0.006697846745876221
198.1355925092853,-89.29972468663843,0.006362139645697557
198.67678236217338,-89.32425341580475,0.006055776460603196
199.21797221506148,-89.34665172894096,0.0057759421900353694
199.75916206794957,-89.36711288984378,0.005520085326702326
200.30035192083767,-89.38581333438049,0.005285895109781429
200.84154177372577,-89.40291399774631,0.005071280384890992
201.38273162661386,-89.41856155639577,0.00487435007729568
201.92392147950196,-89.43288960851275,0.004693394977143068
202.46511133239005,-89.44601975168226,0.004526871205992241
203.00630118527815,-89.45806259937821,0.004373384882743817
203.37602279657733,-89.46571673167361,0.004275373047280345
203.6343599308431,-89.47080757877136,0.004209953067545237
203.89269706510885,-89.47569769847149,0.0041469179114371636
204.1510341993746,-89.48039620852836,0.004086155145684633
204.40937133364037,-89.48491180944428,0.004027557833649703
204.66770846790612,-89.48925280839457,0.0039710242185931775
204.92604560217188,-89.49342714073657,0.003916457436114887
205.18438273643764,-89.49744238323177,0.00386376531192185
205.4427198707034,-89.50130577265807,0.0038128601110656007
205.70105700496916,-89.50502421392159,0.003763658392530925
205.87619524674983,-89.50746602804381,0.003731230778037346
206.0513334885305,-89.50984623609759,0.0036995257849116517
206.22647173031118,-89.5121667530377,0.003668520468209693
206.40160997209185,-89.51442943329118,0.0036381926551997475
206.57674821387252,-89.51663607522188,0.0036085208949852474
206.7518864556532,-89.51878841922382,0.0035794844691097987
206.92702469743386,-89.52088815471804,0.003551063317860747
207.10216293921454,-89.52293691382113,0.003523238093151772
207.21922880077534,-89.52427870914241,0.0035049621268830235
207.33629466233614,-89.52559889964431,0.0034869385811315376
207.45336052389695,-89.52689793598672,0.003469162143586588
207.64091430983902,-89.528936150255,0.0034411843130288645
207.8284680957811,-89.53092295672361,0.0034138067645921527
208.01602188172316,-89.53286006713357,0.003387009445890299
208.20357566766523,-89.5347491346704,0.003360773031670814
208.3911294536073,-89.53659175515065,0.003335078904741786
208.57868323954938,-89.53838947094621,0.0033099091118468592
208.76623702549145,-89.54014377197866,0.0032852463471377906
208.95379081143352,-89.5418560991455,0.003261073913502237
209.1413445973756,-89.5435278442039,0.003237375716883473
209.32889838331766,-89.54516035339238,0.0032141362264727735
209.51645216925974,-89.54675492657582,0.0031913404762664837
209.7040059552018,-89.54831282149365,0.0031689740201497757
209.89155974114388,-89.54983525200426,0.0031470229420657537
210.07911352708595,-89.55132339320807,0.0031254738037628333
210.26666731302802,-89.55277837847542,0.003104313666331316
210.4542210989701,-89.55420130579674,0.0030835300274785755
210.64177488491217,-89.55559323317956,0.003063110858031546
210.82932867085424,-89.55695518672421,0.003043044524338161
211.0168824567963,-89.55828815381622,0.003023319844712998
211.20443624273838,-89.5595930936161,0.003003925990925852
211.39199002868045,-89.56087092838948,0.0029848525613667067
211.57954381462253,-89.56212255181667,0.002966089502606859
211.7670976005646,-89.56334882716978,0.0029476271216765625
211.95465138650667,-89.56455058860053,0.002929456070700394
212.25479831790065,-89.5664247757124,0.0029009604233158053
212.55494524929463,-89.56824138617452,0.002873152735181653
212.85509218068862,-89.57000342392948,0.0028459996180402697
213.32788032253245,-89.57267498594157,0.002804481385203613
213.8006684643763,-89.57522840115516,0.002764396172574419
214.27345660622012,-89.57767320064733,0.0027256392582144253
215.2152853194826,-89.5822528824673,0.0026520268257747446
216.15711403274508,-89.58649558053419,0.0025826585036180017
217.09894274600757,-89.59045320773153,0.00251697513831448
218.04077145927005,-89.5941686369119,0.0024545159326250904
218.98260017253253,-89.5976774227345,0.002394899193117441
219.924428885795,-89.60100961492354,0.002337803615055518
220.8662575990575,-89.60419081233235,0.002282956753870543
221.80808631231997,-89.60724271909422,0.0022301280847626366
222.74991502558245,-89.61018360996587,0.002179123178782493
224.22406484804642,-89.61459979246162,0.0021025673112585416
225.6982146705104,-89.61882853915763,0.0020295712654477545
227.17236449297437,-89.62290591136765,0.001959737927550293
228.64651431543834,-89.62685978365455,0.0018927529165523446
230.1206641379023,-89.63071191380045,0.0018283634436254011
231.59481396036628,-89.6344790642382,0.001766365654710755
233.06896378283025,-89.63817396003965,0.0017065942459675676
234.54311360529422,-89.64180633428624,0.0016489125032032733
237.12083423059812,-89.64802936991723,0.0015527335967575105
239.69855485590202,-89.65411279536455,0.0014620893568695265
242.27627548120591,-89.6600766720618,0.001376565611368426
244.8539961065098,-89.66593444726243,0.0012958164995822278
247.4317167318137,-89.67169463888123,0.001219546771288293
250.0094373571176,-89.67736292576393,0.0011474946779572311
252.5871579824215,-89.68294378731312,0.0010794199923943651
255.1648786077254,-89.6884409918237,0.0010150996905447843
257.7425992330293,-89.69385750141312,0.0009543270289307023
260.3203198583332,-89.69919557032551,0.0008969097573007008
262.89804048363715,-89.7044570969774,0.0008426674191914337
265.4757611089411,-89.70964386269792,0.0007914295414328848
268.053481734245,-89.71475753034304,0.0007430350676592254
270.6312023595489,-89.71979958034348,0.0006973320701575093
273.20892298485285,-89.72477133993841,0.000654177087006707
275.7866436101568,-89.72967406128019,0.0006134343373986974
278.3643642354607,-89.73450895900825,0.0005749751699017315
280.9420848607646,-89.73927719302962,0.0005386777485085811
283.51980548606855,-89.74397985740538,0.0005044267257335136
286.0975261113725,-89.74861799095314,0.00047211285853233264
288.6752467366764,-89.75319260058475,0.0004416326111992412
291.2529673619803,-89.757704662552,0.0004128878560586727
293.83068798728425,-89.76215512356421,0.00038578559045599565
296.4084086125882,-89.76654489353578,0.0003602376919354717
298.9861292378921,-89.77087486018156,0.0003361606245929541
301.563849863196,-89.7751458833425,0.000313475218940901
304.14157048849995,-89.77935881080906,0.00029210640716893115
306.7192911138039,-89.78351445923099,0.0002719830618259819
309.2970117391078,-89.78761364018852,0.0002530377307183711
311.8747323644117,-89.79165713818342,0.00023520650233173408
314.45245298971565,-89.79564572768243,0.00021842878576507188
317.0301736150196,-89.79958014651656,0.0002026471984930491
319.6078942403235,-89.80346115702461,0.0001878072747213638
322.18561486562743,-89.80728947808602,0.0001738574583827439
324.76333549093135,-89.81106586126191,0.00016074880531689105
327.3410561162353,-89.81479096959943,0.00014843507964803425
329.9187767415392,-89.81846551058534,0.0001368723670844215
332.49649736684313,-89.82209015832088,0.0001260190999615806
335.07421799214706,-89.82566570356992,0.0001158356896061617
337.651938617451,-89.82919270962435,0.00010628498986654946
340.2296592427549,-89.83267182337016,9.733165962688724e-05
342.80737986805883,-89.83610375316184,8.894212123456169e-05
345.38510049336276,-89.83948915958112,8.108463707071305e-05
347.9628211186667,-89.842828644186,7.372922367153614e-05
350.5405417439706,-89.84612280919846,6.684747522042301e-05
353.11826236927453,-89.84937228472106,6.041245005336965e-05
357.0831543384135,-89.85428461977688,5.132821177618e-05
361.0480463075525,-89.85909491848548,4.315430517022204e-05
365.0129382766915,-89.86380534745304,3.581120598561567e-05
368.9778302458305,-89.86841801114603,2.9225900200828646e-05
372.9427222149695,-89.87293497787802,2.3331344736886973e-05
376.90761418410847,-89.8773582904976,1.8065991055651777e-05
380.87250615324746,-89.88168996014522,1.3373361727204512e-05
387.19381972122693,-89.88841138013005,6.94949676332094e-06
393.5151332892064,-89.8949126434762,1.6633634715884765e-06
399.8364468571859,-89.90120130178288,-2.6484000208259346e-06
406.15776042516535,-89.90728467765413,-6.127759682411348e-06
412.4790739931448,-89.91316986759561,-8.897940481632335e-06
418.8003875611243,-89.91886374445369,-1.1065764585371212e-05
425.12170112910377,-89.92437296073558,-1.2723717583245373e-05
431.44301469708324,-89.9297039521874,-1.395176362803348e-05
442.349928760513,-89.93850115374462,-1.5256317608891069e-05
453.2568428239428,-89.94681670405954,-1.577277675361912e-05
464.1637568873726,-89.95467933801183,-1.572499748021411e-05
475.07067095080237,-89.96211608663442,-1.5284110156051718e-05
485.97758501423215,-89.96915234881665,-1.457996718256544e-05
496.8844990776619,-89.97581196826994,-1.3710202331608793e-05
507.7914131410917,-89.98211731597586,-1.2747366864848354e-05
518.6983272045215,-89.98808937198284,-1.174457377562503e-05
529.6052412679513,-89.99374780247605,-1.0739973993356766e-05
540.5121553313811,-89.99911103410169,-9.76028274021099e-06
551.4190693948109,-90.00419632812064,-8.823530200854814e-06
562.3259834582407,-90.00901985312812,-7.941200565304198e-06
573.2328975216705,-90.01359675357008,-7.119900312944094e-06
584.1398115851002,-90.01794121384022,-6.362657608117123e-06
595.04672564853,-90.0220665194098,-5.669924300245273e-06
605.9536397119598,-90.0259851155768,-5.040339713622541e-06
616.8605537753896,-90.02970866281935,-4.47130966580713e-06
627.7674678388194,-90.03324808837651,-3.959444387222233e-06
638.6743819022491,-90.03661363438044,-3.5008868076880443e-06
649.5812959656789,-90.0398149034244,-3.0915541332086116e-06
660.4882100291087,-90.04286090121724,-2.7273117036058466e-06
671.3951240925385,-90.0457600765693,-2.4040955455144444e-06
682.3020381559683,-90.04852035822185,-2.1179965490386518e-06
698.9146831065307,-90.05247439830228,-1.7452960593592365e-06
715.5273280570931,-90.05614768420273,-1.4382524216353875e-06
732.1399730076555,-90.05956233523568,-1.1862714261986227e-06
748.7526179582179,-90.0627384935006,-9.801510265386348e-07
765.3652629087803,-90.06569451622259,-8.12044113862825e-07
781.9779078593427,-90.06844714379187,-6.753232580987313e-07
798.5905528099051,-90.0710116655182,-5.644088674898716e-07
815.2031977604676,-90.07340205743847,-4.746249173943623e-07
831.81584271103,-90.07563111559882,-4.020860927505289e-07
848.4284876615924,-90.07771055274635,-3.4359001080031114e-07
865.0411326121548,-90.07965111867115,-2.965063822740351e-07
881.6537775627172,-90.08146266718872,-2.5867620369029646e-07
898.2664225132796,-90.08315427498407,-2.2833118560720308e-07
914.879067463842,-90.08473426133918,-2.0402975280478782e-07
931.4917124144044,-90.08621032850843,-1.8460146785935394e-07
948.1043573649669,-90.08758951522775,-1.6909743086939135e-07
964.7170023155293,-90.08887840279631,-1.5674836867490215e-07
981.3296472660917,-90.0900829847099,-1.4693158461765707e-07
997.9422922166541,-90.09120885029355,-1.391445046635607e-07
1000.0,-90.09134308146476,-1.3830040596508147e-07
